{
 "mpjpe": 0.05818561924929401,
 "pck": 0.9493067019688715,
 "ap": 0.818786557032927,
 "mpjpes": [
  0.024896614962873716,
  0.02508889766977167,
  0.02684933445159018,
  0.03321352477284042,
  0.047957108970180136,
  0.05639221201851962,
  0.06457361362067279,
  0.07412895690155237,
  0.053796932054667686,
  0.06179185246762067,
  0.07113355178199669,
  0.07411877895010198,
  0.06692357597469106,
  0.07496189084176554,
  0.06591944750917073,
  0.07625729343536349,
  0.09115194085461951
 ],
 "aps": [
  0.9273764378879858,
  0.9178063406838571,
  0.9068886767474855,
  0.8933813640223417,
  0.8763376775438948,
  0.8538668044999763,
  0.8216992526410726,
  0.7726831609537924,
  0.6896535355826182,
  0.528172319766246
 ]
}