{
 "mpjpe": 0.054744925094691255,
 "pck": 0.9570677369845095,
 "ap": 0.8327788355546648,
 "aps": [
  0.9373763851456479,
  0.9290035390108702,
  0.9188453647396374,
  0.9061186386147753,
  0.890193089698894,
  0.8682601885011155,
  0.8371923143865275,
  0.789378748002384,
  0.7072852991281692,
  0.544134788318627
 ]
}