{
 "mpjpe": 0.05760608672974629,
 "pck": 0.9581252208585398,
 "ap": 0.8131175468483818,
 "mpjpes": [
  0.028262314498323237,
  0.027715286374458976,
  0.030743992438384136,
  0.03590372623990083,
  0.04886722594568957,
  0.054970940235119836,
  0.0636355126084462,
  0.07195961035349029,
  0.05607320457297691,
  0.06232773243063531,
  0.07012964177887503,
  0.07068410703482517,
  0.06451948634980743,
  0.07118304376885472,
  0.06342915573269944,
  0.0720681103275885,
  0.08683038371561135
 ],
 "aps": [
  0.9343727090046994,
  0.9246654817221428,
  0.9129013032631684,
  0.8979857701172462,
  0.8784420968243838,
  0.8517887563884157,
  0.8147425382777517,
  0.7585007463040807,
  0.6661357271322409,
  0.49164033944968644
 ]
}