{
 "mpjpe": 0.054076689077677514,
 "pck": 0.9592275357197483,
 "ap": 0.833463431100047,
 "mpjpes": [
  0.024415613845322634,
  0.024054117503880052,
  0.027805628982863255,
  0.030979566979936125,
  0.04565903718316065,
  0.05328183289455725,
  0.059818134339245696,
  0.06593740678222904,
  0.05125676479143839,
  0.05688180800117423,
  0.06431386317013892,
  0.07040692554712476,
  0.061835548117030674,
  0.0683276511985082,
  0.05996612707149672,
  0.06912662427302364,
  0.08523706363938759
 ],
 "aps": [
  0.9395388209977795,
  0.9314586948381074,
  0.9211291079688398,
  0.9085711573251196,
  0.8921524675502767,
  0.8697686193638219,
  0.8378621420773097,
  0.7884926767263886,
  0.7051096776915734,
  0.5405509464612528
 ]
}