{
 "mpjpe": 0.055600500174189924,
 "pck": 0.9563346184882991,
 "ap": 0.8269059762343026,
 "aps": [
  0.9357281870876208,
  0.9270177899905592,
  0.916226707665044,
  0.9031914388637191,
  0.8864009156069852,
  0.8637085247440678,
  0.8311454053512376,
  0.7804547444370019,
  0.6952178522265178,
  0.5299681963702723
 ]
}