{
 "mpjpe": 0.055600500174189924,
 "pck": 0.9563346184882991,
 "ap": 0.8269059762343026,
 "mpjpes": [
  0.025633070154037204,
  0.02589000358188437,
  0.02612532471377772,
  0.033212736032753605,
  0.045473439234149066,
  0.053010412629082536,
  0.06054400979921361,
  0.07053040579498122,
  0.0510321531183107,
  0.05811104062292049,
  0.06689972498977281,
  0.07177447007747624,
  0.06398724242330223,
  0.07034212190504219,
  0.06211614782518382,
  0.07162529161085812,
  0.08890090844848277
 ],
 "aps": [
  0.9357281870876208,
  0.9270177899905592,
  0.916226707665044,
  0.9031914388637191,
  0.8864009156069852,
  0.8637085247440678,
  0.8311454053512376,
  0.7804547444370019,
  0.6952178522265178,
  0.5299681963702723
 ]
}