{
 "mpjpe": 0.05760608672974629,
 "pck": 0.9581252208585398,
 "ap": 0.8131175468483818,
 "aps": [
  0.9343727090046994,
  0.9246654817221428,
  0.9129013032631684,
  0.8979857701172462,
  0.8784420968243838,
  0.8517887563884157,
  0.8147425382777517,
  0.7585007463040807,
  0.6661357271322409,
  0.49164033944968644
 ]
}