{
 "mpjpe": 0.054076689077677514,
 "pck": 0.9592275357197483,
 "ap": 0.833463431100047,
 "aps": [
  0.9395388209977795,
  0.9314586948381074,
  0.9211291079688398,
  0.9085711573251196,
  0.8921524675502767,
  0.8697686193638219,
  0.8378621420773097,
  0.7884926767263886,
  0.7051096776915734,
  0.5405509464612528
 ]
}