{
 "mpjpe": 0.05146959404283507,
 "pck": 0.9591457850960702,
 "ap": 0.852237857395267,
 "mpjpes": [
  0.0189903074235663,
  0.019604991328416324,
  0.022159373200239904,
  0.027885202089517554,
  0.043215838350868035,
  0.050331726809867826,
  0.05731071297100598,
  0.06538655464208128,
  0.04929726201043498,
  0.05564056941682608,
  0.06329398323485264,
  0.06787211379099782,
  0.05941961752841218,
  0.06606980685120054,
  0.05867599445657933,
  0.06690546344486964,
  0.08292358117845983
 ],
 "aps": [
  0.9407967257556659,
  0.9330409649738134,
  0.9238796208880755,
  0.9127298906651337,
  0.8986555978080284,
  0.8806546378974794,
  0.8559052958581442,
  0.8181074994330199,
  0.7518314776820797,
  0.6067768629912289
 ]
}