{
 "mpjpe": 0.054744925094691255,
 "pck": 0.9570677369845095,
 "ap": 0.8327788355546648,
 "mpjpes": [
  0.02408339875741409,
  0.024215549935985566,
  0.026530786014139343,
  0.03080220322982764,
  0.04626807318102208,
  0.05311494557018457,
  0.06024531966550224,
  0.06942474620553112,
  0.05169229105884683,
  0.05760299765944943,
  0.0658340497950144,
  0.07185139667682298,
  0.062717858361813,
  0.06901223507546257,
  0.06073198652848783,
  0.06896949681445401,
  0.08756639207979353
 ],
 "aps": [
  0.9373763851456479,
  0.9290035390108702,
  0.9188453647396374,
  0.9061186386147753,
  0.890193089698894,
  0.8682601885011155,
  0.8371923143865275,
  0.789378748002384,
  0.7072852991281692,
  0.544134788318627
 ]
}