{
 "mpjpe": 0.05818561924929401,
 "pck": 0.9493067019688715,
 "ap": 0.818786557032927,
 "aps": [
  0.9273764378879858,
  0.9178063406838571,
  0.9068886767474855,
  0.8933813640223417,
  0.8763376775438948,
  0.8538668044999763,
  0.8216992526410726,
  0.7726831609537924,
  0.6896535355826182,
  0.528172319766246
 ]
}