{
 "mpjpe": 0.050915213146984384,
 "pck": 0.9585128770417878,
 "ap": 0.8552201728893836,
 "mpjpes": [
  0.017817009443379175,
  0.017644145122667064,
  0.02107867116691373,
  0.027125253534696817,
  0.04245616210669532,
  0.049739435702280836,
  0.05685948685254157,
  0.06516963966941687,
  0.04850656891599299,
  0.05569063404581548,
  0.06344185645567825,
  0.0672526684943494,
  0.0594066323142755,
  0.06548427458487645,
  0.05904563030555426,
  0.0667660036999256,
  0.08207455108367524
 ],
 "aps": [
  0.9401268980648836,
  0.9324766219587449,
  0.9235552555102557,
  0.9127536247171693,
  0.8991935696541685,
  0.881722670239081,
  0.8574770175262789,
  0.821034699184076,
  0.759523947658504,
  0.6243374243806731
 ]
}