{
 "mpjpe": 0.05146959404283507,
 "pck": 0.9591457850960702,
 "ap": 0.852237857395267,
 "aps": [
  0.9407967257556659,
  0.9330409649738134,
  0.9238796208880755,
  0.9127298906651337,
  0.8986555978080284,
  0.8806546378974794,
  0.8559052958581442,
  0.8181074994330199,
  0.7518314776820797,
  0.6067768629912289
 ]
}