{
 "mpjpe": 0.050915213146984384,
 "pck": 0.9585128770417878,
 "ap": 0.8552201728893836,
 "aps": [
  0.9401268980648836,
  0.9324766219587449,
  0.9235552555102557,
  0.9127536247171693,
  0.8991935696541685,
  0.881722670239081,
  0.8574770175262789,
  0.821034699184076,
  0.759523947658504,
  0.6243374243806731
 ]
}