{
 "mpjpe": 0.050874919622821285,
 "pck": 0.96411675043908,
 "ap": 0.8492568604595968,
 "aps": [
  0.9472075569221682,
  0.9397418789985285,
  0.9308468837189677,
  0.9195863945865265,
  0.9050664289745307,
  0.8850269777058137,
  0.8563377830285706,
  0.8109556384196286,
  0.7307688250589396,
  0.5670302371822934
 ]
}