{
 "mpjpe": 0.05426284015154464,
 "pck": 0.9587792258479649,
 "ap": 0.832907790570725,
 "aps": [
  0.9384945227082135,
  0.9298606020010443,
  0.9198210979899895,
  0.9073528093206259,
  0.8914008892358163,
  0.8693677775961097,
  0.8381047568314514,
  0.7889040669616721,
  0.7052890016402867,
  0.5404823814220389
 ]
}