{
 "mpjpe": 0.05158369486443527,
 "pck": 0.9633941804104409,
 "ap": 0.8437128496157721,
 "aps": [
  0.945256090421464,
  0.9372207952489702,
  0.9277192630840555,
  0.9160658435345805,
  0.9007758397898745,
  0.879852954362055,
  0.8497476279133549,
  0.8022478784394597,
  0.720911282113491,
  0.5573309212504154
 ]
}