{
 "mpjpe": 0.05158369486443527,
 "pck": 0.9633941804104409,
 "ap": 0.8437128496157721,
 "mpjpes": [
  0.023670284628473714,
  0.022808920865181534,
  0.02662483488673224,
  0.03013639839814667,
  0.04486315444601591,
  0.050095626855231466,
  0.05670453576484399,
  0.06268800260676397,
  0.04927839649840694,
  0.05475992331338235,
  0.05991728461241794,
  0.06780812331543752,
  0.058492666443402085,
  0.06422336525768872,
  0.05769978089715174,
  0.06554539324931065,
  0.08160612065681222
 ],
 "aps": [
  0.945256090421464,
  0.9372207952489702,
  0.9277192630840555,
  0.9160658435345805,
  0.9007758397898745,
  0.879852954362055,
  0.8497476279133549,
  0.8022478784394597,
  0.720911282113491,
  0.5573309212504154
 ]
}