{
 "mpjpe": 0.05452118535377468,
 "pck": 0.9580803898713615,
 "ap": 0.8329816298437244,
 "aps": [
  0.9382044398500008,
  0.9296865522861166,
  0.9194545387418843,
  0.907099646098913,
  0.8907864409997838,
  0.8688957336722908,
  0.8376511727258823,
  0.7895317007821688,
  0.7070796040105274,
  0.5414264692696769
 ]
}