{
 "mpjpe": 0.05212067639667481,
 "pck": 0.9620228796261623,
 "ap": 0.8432136433879569,
 "mpjpes": [
  0.02297856365961498,
  0.022832183308623816,
  0.02525064664135727,
  0.03143549151377676,
  0.044272609281526834,
  0.051393534617657784,
  0.056767788777609705,
  0.06329155806188877,
  0.049964248535276534,
  0.055115843607988664,
  0.06176972035061407,
  0.0684888750177817,
  0.05988311822858394,
  0.06495094692024886,
  0.057910155558267624,
  0.06579144000799812,
  0.08395477465465627
 ],
 "aps": [
  0.9438373215331143,
  0.9361501257904757,
  0.9266406822748825,
  0.9148712295821224,
  0.8999873418389144,
  0.8791382956840945,
  0.8495472070294988,
  0.8029203432471348,
  0.7218026276232721,
  0.5572412592760587
 ]
}