{
 "mpjpe": 0.05452118535377468,
 "pck": 0.9580803898713615,
 "ap": 0.8329816298437244,
 "mpjpes": [
  0.024014501906572103,
  0.024014144933989012,
  0.02650798864822717,
  0.03099109110312061,
  0.045686302708297676,
  0.05339649244570488,
  0.06064238989007557,
  0.06812536664338874,
  0.050933346512788316,
  0.05866246233540542,
  0.06640026850310665,
  0.06964799209606026,
  0.0629852746224181,
  0.06892130439403377,
  0.06216746636301619,
  0.07000366501673677,
  0.08376009289122846
 ],
 "aps": [
  0.9382044398500008,
  0.9296865522861166,
  0.9194545387418843,
  0.907099646098913,
  0.8907864409997838,
  0.8688957336722908,
  0.8376511727258823,
  0.7895317007821688,
  0.7070796040105274,
  0.5414264692696769
 ]
}