{
 "mpjpe": 0.05417132103312182,
 "pck": 0.9587792258479649,
 "ap": 0.8332427044161161,
 "mpjpes": [
  0.024252937983158702,
  0.02439862649167643,
  0.02701389341370968,
  0.031162728789221116,
  0.04552187557481385,
  0.05217274861350084,
  0.06044650783689036,
  0.06589730321003183,
  0.05056034214988302,
  0.05788736962894839,
  0.06420056943432943,
  0.07145037554350357,
  0.06258591482494216,
  0.06855647939582327,
  0.06139691129904858,
  0.06959844279714895,
  0.0838094305764408
 ],
 "aps": [
  0.9389322841124256,
  0.9303115489897206,
  0.9200373415752027,
  0.9076929973998027,
  0.891540656431137,
  0.869615666584037,
  0.83865064002827,
  0.7894156676388837,
  0.7057689569147843,
  0.5404612844868961
 ]
}