{
 "mpjpe": 0.050879951571733445,
 "pck": 0.9640956535039372,
 "ap": 0.8493003728883288,
 "mpjpes": [
  0.02287368798646405,
  0.022101001057754067,
  0.025452066533276602,
  0.029866673695030058,
  0.04321750678227038,
  0.049429832949196846,
  0.056385911822078104,
  0.06152353996786752,
  0.04826595133789343,
  0.054418291320189466,
  0.060082597678747254,
  0.0663670784406215,
  0.05998743663517369,
  0.06313702857032713,
  0.057722668413686284,
  0.06452308644283836,
  0.07960481708605384
 ],
 "aps": [
  0.947160088818097,
  0.9396574912579575,
  0.9307334876925755,
  0.9194809099108127,
  0.9049319360129957,
  0.8849953323030997,
  0.8562744922231423,
  0.8110057436405926,
  0.7313120711388653,
  0.5674521758851483
 ]
}