{
 "mpjpe": 0.051580751982191704,
 "pck": 0.9630355325130142,
 "ap": 0.843937268263353,
 "mpjpes": [
  0.023722728971603085,
  0.023223798418634617,
  0.025720201857749314,
  0.030302686871560854,
  0.043804920435958135,
  0.050911165696731146,
  0.0570436828319126,
  0.06251676672515478,
  0.04970346233664361,
  0.055344449382474015,
  0.06132885952729547,
  0.06688451084600262,
  0.058647863264997484,
  0.06564602153838824,
  0.057588577004159765,
  0.0649750651075472,
  0.07950802288044598
 ],
 "aps": [
  0.945053032420715,
  0.9373552882105052,
  0.9275373020184493,
  0.9158469628324745,
  0.9007099118675534,
  0.8799610761546617,
  0.8502249460709596,
  0.8029308917147061,
  0.7214439797258453,
  0.5583092916176603
 ]
}