{
 "mpjpe": 0.4707929025795363,
 "pck": 0.12517866466949015,
 "ap": 0.040493457312988854,
 "aps": [
  0.08124166011782638,
  0.07027389096049072,
  0.06047436458668467,
  0.051328843202303784,
  0.04261317187145638,
  0.03430361654210685,
  0.02666388890353954,
  0.019448737084720016,
  0.01242345768218522,
  0.0061629421785750075
 ]
}