{
 "mpjpe": 0.05572857262133089,
 "pck": 0.9559469623050512,
 "ap": 0.8282374565534992,
 "aps": [
  0.935372176307087,
  0.9264059788714194,
  0.9157282925722966,
  0.9028248796156139,
  0.8865143116333775,
  0.8641647459665297,
  0.8324929720834806,
  0.7836614785786995,
  0.7002283743229203,
  0.5349813555835676
 ]
}