{
 "mpjpe": 0.058855535488616925,
 "pck": 0.9479934177562355,
 "ap": 0.8163928460292931,
 "aps": [
  0.9255700128163881,
  0.9157942204946177,
  0.9043148506600703,
  0.8906809563240701,
  0.8733471869874104,
  0.8502249460709596,
  0.8186823909156598,
  0.7702965701657691,
  0.6878154651083064,
  0.5272018607496796
 ]
}