{
 "mpjpe": 0.05472332001401797,
 "pck": 0.9630487180974784,
 "ap": 0.8255942742918023,
 "aps": [
  0.9417329022526253,
  0.9326427603229941,
  0.9219255172704786,
  0.907722005685624,
  0.8893597607607555,
  0.8645682248511347,
  0.8286506927706078,
  0.7738487666204292,
  0.6835697069108285,
  0.511922405472545
 ]
}