{
 "mpjpe": 0.05377336463938763,
 "pck": 0.9701188284871916,
 "ap": 0.8278012774194229,
 "aps": [
  0.9481437334191275,
  0.9389006387097114,
  0.9277588198374481,
  0.9135104772654152,
  0.8942753466490155,
  0.8678936292530103,
  0.8309397102335958,
  0.7745317798956757,
  0.680581853471237,
  0.5014767854599923
 ]
}