{
 "mpjpe": 0.04743283507403443,
 "pck": 0.966405767902068,
 "ap": 0.867475118802116,
 "mpjpes": [
  0.017564268212623493,
  0.017471194509015728,
  0.019960118075937436,
  0.02550973249725484,
  0.042709121437569386,
  0.0487921100924178,
  0.05370434615466721,
  0.05647029311251785,
  0.047450021414330405,
  0.05235298706264019,
  0.055099156023232176,
  0.0647558415381863,
  0.056154307568087675,
  0.05973409503918164,
  0.05421885073522019,
  0.059803705824190284,
  0.07460804696151267
 ],
 "aps": [
  0.9500424575819748,
  0.9429512502571189,
  0.9344861050310916,
  0.9243648503963586,
  0.9120205062209588,
  0.8954910575366164,
  0.8722395978924162,
  0.8364697443578885,
  0.7740465503873925,
  0.6326390683593441
 ]
}