{
 "mpjpe": 0.04683049439360335,
 "pck": 0.9677480604005253,
 "ap": 0.8698569627797322,
 "mpjpes": [
  0.017165553307108006,
  0.017134679334911654,
  0.019247541986110374,
  0.025440865136649737,
  0.04224145764987921,
  0.04769728609665417,
  0.05288800771167503,
  0.05613051453487113,
  0.04650036167531461,
  0.05095280567335063,
  0.053662027485078756,
  0.0639989120427481,
  0.0554665988038707,
  0.059417246781128544,
  0.05421235563239754,
  0.05943858046539499,
  0.07452361037411369
 ],
 "aps": [
  0.9515719853798239,
  0.9447128443415382,
  0.9365694273764379,
  0.9267013359634179,
  0.9140141665919483,
  0.8974425240373205,
  0.8742227097958344,
  0.8388616093796973,
  0.7770607749959124,
  0.6374122499353906
 ]
}