{
 "mpjpe": 0.04628029942398805,
 "pck": 0.9670755955928503,
 "ap": 0.8737161196407193,
 "mpjpes": [
  0.015656047529558147,
  0.015565111194411322,
  0.018420224835195845,
  0.024151108722779042,
  0.041442766167098063,
  0.04735893549264301,
  0.05296794504126489,
  0.05568669657241711,
  0.04618633350917057,
  0.05126104678520072,
  0.05328763575192731,
  0.06375686083509845,
  0.055493745804804234,
  0.05882370506605555,
  0.05403898208098459,
  0.05955036325125415,
  0.07311758156793381
 ],
 "aps": [
  0.9514084841324677,
  0.9446310937178601,
  0.9367777596109725,
  0.9270626209777375,
  0.9146444375293379,
  0.8988507444580989,
  0.8770839816245695,
  0.8441068348795628,
  0.7865253875243274,
  0.6560698519522576
 ]
}