{
 "mpjpe": 0.04687046348901345,
 "pck": 0.9675740106855977,
 "ap": 0.8692106054292962,
 "mpjpes": [
  0.017768993420875817,
  0.018324889410089053,
  0.0196458822611282,
  0.025403611761013634,
  0.04152358987286816,
  0.048741447087619995,
  0.05316940017480861,
  0.05554898714136173,
  0.04681198558315079,
  0.05108379229645581,
  0.053695070297703235,
  0.06316170317884327,
  0.055278526564598855,
  0.059256336890627384,
  0.05376432803634471,
  0.059909045557788,
  0.07371028977795138
 ],
 "aps": [
  0.9516300019514665,
  0.9447998691990022,
  0.9364507571162599,
  0.9265879399370256,
  0.9139904325399127,
  0.8976297593367124,
  0.8747817785771173,
  0.8390119250425895,
  0.7750539290404587,
  0.6321696615524179
 ]
}