{
 "mpjpe": 0.04597166396914095,
 "pck": 0.9684706304291644,
 "ap": 0.874145442270874,
 "mpjpes": [
  0.01717246987229335,
  0.01701308627809462,
  0.01888842723982962,
  0.024722392010365263,
  0.04130765037860204,
  0.046441957328674184,
  0.05229918759796287,
  0.05476169098516247,
  0.04524798431858992,
  0.050686480519466746,
  0.052923988684226604,
  0.06301071276427181,
  0.05430303340369703,
  0.058456835527803036,
  0.053028812103250736,
  0.058787128065583,
  0.07246645039752282
 ],
 "aps": [
  0.952850987072853,
  0.9461078791778524,
  0.93837057821425,
  0.9292276939467619,
  0.9170600366031825,
  0.9016065316111201,
  0.8794705724125927,
  0.845451764494913,
  0.7846451231797301,
  0.6466632559954852
 ]
}