{
 "mpjpe": 0.04584263185305792,
 "pck": 0.9690349734442328,
 "ap": 0.8741454422708742,
 "mpjpes": [
  0.017326897879217158,
  0.017244544351066718,
  0.019089227762829734,
  0.02563586752692104,
  0.040858956774243026,
  0.04659866092109375,
  0.051940840663889515,
  0.05433096152490263,
  0.0452623065654173,
  0.05061478770208016,
  0.05266160934740049,
  0.062241305805895264,
  0.05386821750490326,
  0.05782092922420567,
  0.05264504161285599,
  0.05863825258870373,
  0.07254633374635922
 ],
 "aps": [
  0.9535340003480994,
  0.9471838228701326,
  0.9392751093084952,
  0.9299397155078296,
  0.9180225842690704,
  0.9016355398969415,
  0.879499580698414,
  0.8453383684685207,
  0.7833924926556295,
  0.6436332086856082
 ]
}